{"cameraMode":{"drawMode":0,"name":"Shaded","section":"Shading Mode"},"sceneLighting":false,"audioPlay":false,"sceneViewState":{"showFog":true,"showMaterialUpdate":false,"showSkybox":false,"showFlares":true,"showImageEffects":true,"showParticleSystems":true},"in2DMode":false,"pivot":{"x":0.0,"y":1.6499996185302735,"z":-0.2082958221435547},"rotation":{"x":-0.008770305663347245,"y":-0.9290956258773804,"z":0.369897723197937,"w":-0.01935901865363121},"size":10.805925369262696,"orthographic":true}