{"cameraMode":{"drawMode":0,"name":"Shaded","section":"Shading Mode"},"sceneLighting":false,"audioPlay":false,"sceneViewState":{"showFog":true,"showMaterialUpdate":false,"showSkybox":false,"showFlares":true,"showImageEffects":true,"showParticleSystems":true},"in2DMode":false,"pivot":{"x":2.0,"y":0.4616279900074005,"z":-0.03324878215789795},"rotation":{"x":-0.014299635775387288,"y":0.9856580495834351,"z":-0.12336814403533936,"w":-0.11465534567832947},"size":4.2715373039245609,"orthographic":true}