{"cameraMode":{"drawMode":0,"name":"Shaded","section":"Shading Mode"},"sceneLighting":false,"audioPlay":false,"sceneViewState":{"showFog":true,"showMaterialUpdate":false,"showSkybox":false,"showFlares":true,"showImageEffects":true,"showParticleSystems":true},"in2DMode":false,"pivot":{"x":-2.0,"y":0.4616279900074005,"z":-0.03324878215789795},"rotation":{"x":-0.07522204518318176,"y":0.02153465896844864,"z":-0.0016262982971966267,"w":-0.9969457387924194},"size":4.2715373039245609,"orthographic":true}