{"cameraMode":{"drawMode":0,"name":"Shaded","section":"Shading Mode"},"sceneLighting":false,"audioPlay":false,"sceneViewState":{"showFog":true,"showMaterialUpdate":false,"showSkybox":false,"showFlares":true,"showImageEffects":true,"showParticleSystems":true},"in2DMode":false,"pivot":{"x":2.0,"y":0.712050199508667,"z":-0.021492421627044679},"rotation":{"x":-0.00047793882549740374,"y":0.9941893219947815,"z":0.005370627157390118,"w":0.1080988422036171},"size":5.171167850494385,"orthographic":true}