{"cameraMode":{"drawMode":0,"name":"Shaded","section":"Shading Mode"},"sceneLighting":false,"audioPlay":false,"sceneViewState":{"showFog":true,"showMaterialUpdate":false,"showSkybox":false,"showFlares":true,"showImageEffects":true,"showParticleSystems":true},"in2DMode":false,"pivot":{"x":2.0,"y":0.44602343440055849,"z":-0.08728200197219849},"rotation":{"x":0.01909775286912918,"y":-0.9804410338401794,"z":0.1530059576034546,"w":0.12240777909755707},"size":1.6762452125549317,"orthographic":true}