{"cameraMode":{"drawMode":0,"name":"Shaded","section":"Shading Mode"},"sceneLighting":false,"audioPlay":false,"sceneViewState":{"showFog":true,"showMaterialUpdate":false,"showSkybox":false,"showFlares":true,"showImageEffects":true,"showParticleSystems":true},"in2DMode":false,"pivot":{"x":0.30000001192092898,"y":3.4200000762939455,"z":0.3100000023841858},"rotation":{"x":-0.21184970438480378,"y":-0.6741455793380737,"z":0.21065352857112885,"w":-0.6758500337600708},"size":1.515959620475769,"orthographic":true}