{"cameraMode":{"drawMode":0,"name":"Shaded","section":"Shading Mode"},"sceneLighting":false,"audioPlay":false,"sceneViewState":{"showFog":true,"showMaterialUpdate":false,"showSkybox":false,"showFlares":true,"showImageEffects":true,"showParticleSystems":true},"in2DMode":false,"pivot":{"x":0.0,"y":0.712050199508667,"z":-0.021492421627044679},"rotation":{"x":-0.03529370203614235,"y":0.9324741959571838,"z":-0.3468620479106903,"w":-0.09519485384225846},"size":5.171167850494385,"orthographic":true}