{"cameraMode":{"drawMode":0,"name":"Shaded","section":"Shading Mode"},"sceneLighting":false,"audioPlay":false,"sceneViewState":{"showFog":true,"showMaterialUpdate":false,"showSkybox":false,"showFlares":true,"showImageEffects":true,"showParticleSystems":true},"in2DMode":false,"pivot":{"x":-0.003000020980834961,"y":0.003000020980834961,"z":-0.07099997997283936},"rotation":{"x":-0.22913122177124024,"y":0.3863410949707031,"z":-0.10071560740470886,"w":-0.8880407214164734},"size":10.196928977966309,"orthographic":true}