{"cameraMode":{"drawMode":0,"name":"Shaded","section":"Shading Mode"},"sceneLighting":false,"audioPlay":false,"sceneViewState":{"showFog":true,"showMaterialUpdate":false,"showSkybox":false,"showFlares":true,"showImageEffects":true,"showParticleSystems":true},"in2DMode":false,"pivot":{"x":0.0,"y":0.3694079518318176,"z":0.061923325061798099},"rotation":{"x":-0.07172523438930512,"y":0.9263302683830261,"z":-0.22846584022045136,"w":-0.29081499576568606},"size":1.91343092918396,"orthographic":false}