{"cameraMode":{"drawMode":0,"name":"Shaded","section":"Shading Mode"},"sceneLighting":false,"audioPlay":false,"sceneViewState":{"showFog":true,"showMaterialUpdate":false,"showSkybox":false,"showFlares":true,"showImageEffects":true,"showParticleSystems":true},"in2DMode":false,"pivot":{"x":2.0,"y":0.2674686908721924,"z":0.0396234393119812},"rotation":{"x":0.028426675125956537,"y":-0.9715214371681213,"z":0.16058272123336793,"w":0.17198005318641663},"size":1.718610405921936,"orthographic":true}