{"cameraMode":{"drawMode":0,"name":"Shaded","section":"Shading Mode"},"sceneLighting":false,"audioPlay":false,"sceneViewState":{"showFog":true,"showMaterialUpdate":false,"showSkybox":false,"showFlares":true,"showImageEffects":true,"showParticleSystems":true},"in2DMode":false,"pivot":{"x":-2.0,"y":0.5619451403617859,"z":2.384185791015625e-7},"rotation":{"x":0.2552855908870697,"y":0.035973940044641498,"z":-0.009424690157175064,"w":0.9662023186683655},"size":2.925506591796875,"orthographic":true}