{"cameraMode":{"drawMode":0,"name":"Shaded","section":"Shading Mode"},"sceneLighting":false,"audioPlay":false,"sceneViewState":{"showFog":true,"showMaterialUpdate":false,"showSkybox":false,"showFlares":true,"showImageEffects":true,"showParticleSystems":true},"in2DMode":false,"pivot":{"x":0.0,"y":0.30090227723121645,"z":0.04457634687423706},"rotation":{"x":0.03308280557394028,"y":-0.9668583273887634,"z":0.17325304448604585,"w":0.18465042114257813},"size":3.687410593032837,"orthographic":true}