{"cameraMode":{"drawMode":0,"name":"Shaded","section":"Shading Mode"},"sceneLighting":false,"audioPlay":false,"sceneViewState":{"showFog":true,"showMaterialUpdate":false,"showSkybox":false,"showFlares":true,"showImageEffects":true,"showParticleSystems":true},"in2DMode":false,"pivot":{"x":0.30000001192092898,"y":3.4200000762939455,"z":0.3100000023841858},"rotation":{"x":-0.09301995486021042,"y":-0.8652151226997376,"z":0.17305931448936463,"w":-0.46183693408966067},"size":1.4477407932281495,"orthographic":true}