{"cameraMode":{"drawMode":0,"name":"Shaded","section":"Shading Mode"},"sceneLighting":false,"audioPlay":false,"sceneViewState":{"showFog":true,"showMaterialUpdate":false,"showSkybox":false,"showFlares":true,"showImageEffects":true,"showParticleSystems":true},"in2DMode":false,"pivot":{"x":-1.8322710990905762,"y":0.9787909984588623,"z":-0.053655385971069339},"rotation":{"x":-0.07453758269548416,"y":0.9252240061759949,"z":-0.25189408659935,"w":-0.27378183603286745},"size":2.8251590728759767,"orthographic":false}