{"cameraMode":{"drawMode":0,"name":"Shaded","section":"Shading Mode"},"sceneLighting":false,"audioPlay":false,"sceneViewState":{"showFog":true,"showMaterialUpdate":false,"showSkybox":false,"showFlares":true,"showImageEffects":true,"showParticleSystems":true},"in2DMode":false,"pivot":{"x":0.30000001192092898,"y":3.4200000762939455,"z":0.3100000023841858},"rotation":{"x":-0.37235161662101748,"y":-0.4467477798461914,"z":0.21059110760688783,"w":-0.7860918045043945},"size":7.267283916473389,"orthographic":true}