{"cameraMode":{"drawMode":0,"name":"Shaded","section":"Shading Mode"},"sceneLighting":true,"audioPlay":false,"sceneViewState":{"showFog":true,"showMaterialUpdate":false,"showSkybox":true,"showFlares":true,"showImageEffects":true,"showParticleSystems":true},"in2DMode":false,"pivot":{"x":3.614894151687622,"y":1.0833333730697632,"z":4.611089706420898},"rotation":{"x":-0.3544551134109497,"y":0.18278731405735017,"z":-0.07168475538492203,"w":-0.9145262241363525},"size":5.854850769042969,"orthographic":true}