{"cameraMode":{"drawMode":0,"name":"Shaded","section":"Shading Mode"},"sceneLighting":false,"audioPlay":false,"sceneViewState":{"showFog":true,"showMaterialUpdate":false,"showSkybox":false,"showFlares":true,"showImageEffects":true,"showParticleSystems":true},"in2DMode":false,"pivot":{"x":-2.0,"y":0.3343358039855957,"z":0.04952925443649292},"rotation":{"x":0.03308280557394028,"y":-0.9668583273887634,"z":0.17325304448604585,"w":0.18465042114257813},"size":4.097122669219971,"orthographic":true}