{"cameraMode":{"drawMode":0,"name":"Shaded","section":"Shading Mode"},"sceneLighting":false,"audioPlay":false,"sceneViewState":{"showFog":true,"showMaterialUpdate":false,"showSkybox":false,"showFlares":true,"showImageEffects":true,"showParticleSystems":true},"in2DMode":false,"pivot":{"x":0.30000001192092898,"y":3.4200000762939455,"z":0.3100000023841858},"rotation":{"x":-0.09956492483615875,"y":-0.0705934464931488,"z":0.006434230133891106,"w":-0.992770791053772},"size":1.4483081102371216,"orthographic":true}