{"cameraMode":{"drawMode":0,"name":"Shaded","section":"Shading Mode"},"sceneLighting":false,"audioPlay":false,"sceneViewState":{"showFog":true,"showMaterialUpdate":false,"showSkybox":false,"showFlares":true,"showImageEffects":true,"showParticleSystems":true},"in2DMode":false,"pivot":{"x":-0.004680752754211426,"y":0.0040000081062316898,"z":-0.04000002145767212},"rotation":{"x":-0.09956492483615875,"y":-0.0705934464931488,"z":0.006434230133891106,"w":-0.992770791053772},"size":2.110842704772949,"orthographic":true}