{"cameraMode":{"drawMode":0,"name":"Shaded","section":"Shading Mode"},"sceneLighting":false,"audioPlay":false,"sceneViewState":{"showFog":true,"showMaterialUpdate":false,"showSkybox":false,"showFlares":true,"showImageEffects":true,"showParticleSystems":true},"in2DMode":false,"pivot":{"x":-5.960464477539063e-8,"y":0.4615502953529358,"z":0.06640714406967163},"rotation":{"x":-0.058399561792612079,"y":0.9340760707855225,"z":-0.18075917661190034,"w":-0.30253592133522036},"size":3.52474045753479,"orthographic":true}