{"cameraMode":{"drawMode":0,"name":"Shaded","section":"Shading Mode"},"sceneLighting":false,"audioPlay":false,"sceneViewState":{"showFog":true,"showMaterialUpdate":false,"showSkybox":false,"showFlares":true,"showImageEffects":true,"showParticleSystems":true},"in2DMode":false,"pivot":{"x":2.0,"y":0.4682876169681549,"z":1.7881393432617188e-7},"rotation":{"x":0.0010633012279868126,"y":0.9903053045272827,"z":-0.13906051218509675,"w":0.007125237490981817},"size":2.437922477722168,"orthographic":true}