{"cameraMode":{"drawMode":0,"name":"Shaded","section":"Shading Mode"},"sceneLighting":false,"audioPlay":false,"sceneViewState":{"showFog":true,"showMaterialUpdate":false,"showSkybox":false,"showFlares":true,"showImageEffects":true,"showParticleSystems":true},"in2DMode":false,"pivot":{"x":2.1537904739379885,"y":0.5484481453895569,"z":-0.05364274978637695},"rotation":{"x":0.008854661136865616,"y":0.9796925187110901,"z":-0.19534142315387727,"w":0.04441165551543236},"size":3.9406166076660158,"orthographic":true}